job_id,paradigm,corruption,recipe,components,run,gsm,gsm_src,ife,ife_src,mmlu,mmlu_src,mmlu_gen,he,gen_ppl,gen_ppl_H,gen_ppl_citeable,gen_ppl_path,n_eval_summaries
1457696,?,?,?,?,,,,,,,,,,72.25020093289929,,True,/e/project1/scifi/elsayed3/Diffusion/outputs/block_qwen/ar2block_uniform_1457696/eval/gen_ppl_metrics.json,0
1467698,?,?,?,?,,,,,,,,,,266.1270997725638,,True,/e/project1/scifi/elsayed3/Diffusion/outputs/block_qwen/ar2block_masked_1467698/eval/gen_ppl_metrics.json,0
1467699,?,?,?,?,,,,,,,,,,375.1046543211995,,True,/e/project1/scifi/elsayed3/Diffusion/outputs/block_qwen/block_masked_1467699/eval/gen_ppl_metrics.json,0
1467700,?,?,?,?,,,,,,,,,,384.26907994344526,,True,/e/project1/scifi/elsayed3/Diffusion/outputs/block_qwen/block_uniform_1467700/eval/gen_ppl_metrics.json,0
1660579,?,?,?,?,,,,,,,,,,146.40857161112044,,True,/e/project1/scifi/elsayed3/Diffusion/outputs/block_qwen/ar2block_masked_1660579/eval/gen_ppl_metrics.json,0
1660931,?,?,?,?,,,,,,,,,,250.6739848598115,,True,/e/project1/scifi/elsayed3/Diffusion/outputs/block_qwen/ar2block_uniform_1660931/eval/gen_ppl_metrics.json,0
1660932,?,?,?,?,,,,,,,,,,65.11515870183311,,True,/e/project1/scifi/elsayed3/Diffusion/outputs/block_qwen/ar2block_uniform_1660932/eval/gen_ppl_metrics.json,0
1660933,?,?,?,?,,,,,,,,,,180.5584855877904,,True,/e/project1/scifi/elsayed3/Diffusion/outputs/block_qwen/block_masked_1660933/eval/gen_ppl_metrics.json,0
1660935,?,?,?,?,,,,,,,,,,160.1864053647534,,True,/e/project1/scifi/elsayed3/Diffusion/outputs/block_qwen/block_uniform_1660935/eval/gen_ppl_metrics.json,0
1694554,?,?,?,?,ar2block_masked_1694554,18.802122820318424,lm_eval_m2048_dual_cache_t1_fix,15.89648798521257,lm_eval_m2048_dual_cache_t1_fix,,,,,72.21913565874306,,True,/e/project1/scifi/elsayed3/Diffusion/outputs/block_qwen/ar2block_masked_1694554/eval/gen_ppl_metrics.json,2
1701099,?,?,?,?,ar2block_masked_1701099,30.55344958301744,lm_eval_m2048_baseline_t1_chatfix,21.256931608133087,lm_eval_m2048_baseline_t1_chatfix,,,,,,,,,7
1735919,?,?,?,?,ar2block_masked_1735919,38.89310083396513,lm_eval_m2048_hubmatch_t1,20.88724584103512,lm_eval_m2048_hubmatch_t1,,,,,,,,,2
1739851,?,?,?,?,ar2block_masked_1739851,42.98711144806672,lm_eval_m2048_dual_cache_t1,24.58410351201479,lm_eval_m2048_dual_cache_t1,,,,,,,,,2
1739853,?,?,?,?,ar2block_masked_1739853,34.495830174374525,lm_eval_m2048_hubmatch_t1,26.432532347504623,lm_eval_m2048_hubmatch_t1,,,,,,,,,2
1762534,AR→block,masked,baseline C0,none,ar2block_masked_1762534,63.68460955269143,lm_eval_paper_gen_cap,22.181146025878004,lm_eval_paper_gen_cap,39.83050847457627,lm_eval_m2048_hubmatch_t1_mmlu_hubll,,34.146341463414636,127.94118693944603,4.797452442069134,True,/e/project1/scifi/elsayed3/Diffusion/outputs/block_qwen/ar2block_masked_1762534/eval/unifusion_hygiene/dual/gen_ppl_metrics_first_chunk.json,8
1763301,AR→block,masked,math-mix C2,all5,ar2block_masked_1763301,65.04927975739196,lm_eval_paper_gen_cap,21.996303142329023,lm_eval_paper_gen_cap,30.62241845890899,lm_eval_m2048_hubmatch_t1_mmlu_hubll,,35.97560975609756,89.1609686806854,4.755463652224488,True,/e/project1/scifi/elsayed3/Diffusion/outputs/block_qwen/ar2block_masked_1763301/eval/unifusion_hygiene/dual/gen_ppl_metrics_first_chunk.json,7
1773297,?,?,?,?,ar2block_masked_1773297,39.95451099317665,lm_eval_m2048_hubmatch_t1_chatpreserve,21.996303142329023,lm_eval_m2048_hubmatch_t1_chatpreserve,40.2435550491383,lm_eval_m2048_hubmatch_t1_chatpreserve,,,,,,,1
1773298,AR→block,masked,chat-mix,all5,ar2block_masked_1773298,43.44200151630023,lm_eval_m2048_hubmatch_t1_chatpreserve,23.844731977818853,lm_eval_m2048_hubmatch_t1_chatpreserve,40.25067654180316,lm_eval_m2048_hubmatch_t1_chatpreserve,,,,,,,1
1809099,?,?,?,?,ar2block_masked_1809099,58.45337376800607,lm_eval_m2048_hubmatch_t1,24.029574861367838,lm_eval_m2048_hubmatch_t1,28.856288278023072,lm_eval_m2048_hubmatch_t1,,,402.371378103035,,True,/e/project1/scifi/elsayed3/Diffusion/outputs/block_qwen/ar2block_masked_1809099/eval/gen_ppl_metrics.json,1
1809191,?,?,?,?,ar2block_masked_1809191,61.63760424564063,lm_eval_m2048_hubmatch_t1,20.70240295748614,lm_eval_m2048_hubmatch_t1,31.932773109243694,lm_eval_m2048_hubmatch_t1,,,402.371378103035,,True,/e/project1/scifi/elsayed3/Diffusion/outputs/block_qwen/ar2block_masked_1809191/eval/gen_ppl_metrics.json,1
1809194,?,?,?,?,ar2block_masked_1809194,57.08870356330553,lm_eval_m2048_hubmatch_t1,22.36598890942699,lm_eval_m2048_hubmatch_t1,29.60404500783364,lm_eval_m2048_hubmatch_t1,,,402.371378103035,,True,/e/project1/scifi/elsayed3/Diffusion/outputs/block_qwen/ar2block_masked_1809194/eval/gen_ppl_metrics.json,1
1836723,Joint,masked,joint AR,joint+causal,ar2block_masked_1836723,38.51402577710387,lm_eval_m2048_hubmatch_t1,24.953789279112755,lm_eval_m2048_hubmatch_t1,41.95271328870531,lm_eval_m2048_hubmatch_t1,,,402.371378103035,,True,/e/project1/scifi/elsayed3/Diffusion/outputs/block_qwen/ar2block_masked_1836723/eval/gen_ppl_metrics.json,1
1836725,Joint,masked,all5+joint,all5+joint+causal,ar2block_masked_1836725,43.97270659590599,lm_eval_m2048_hubmatch_t1,21.072088724584106,lm_eval_m2048_hubmatch_t1,29.803446802449795,lm_eval_m2048_hubmatch_t1,,,402.371378103035,,True,/e/project1/scifi/elsayed3/Diffusion/outputs/block_qwen/ar2block_masked_1836725/eval/gen_ppl_metrics.json,1
1836729,?,?,?,?,,,,,,,,,,402.371378103035,,True,/e/project1/scifi/elsayed3/Diffusion/outputs/block_qwen/ar2block_uniform_1836729/eval/gen_ppl_metrics.json,0
1836776,?,?,?,?,,,,,,,,,,402.371378103035,,True,/e/project1/scifi/elsayed3/Diffusion/outputs/block_qwen/ar2block_uniform_1836776/eval/gen_ppl_metrics.json,0
1836795,?,?,?,?,,,,,,,,,,402.371378103035,,True,/e/project1/scifi/elsayed3/Diffusion/outputs/block_qwen/block_uniform_1836795/eval/gen_ppl_metrics.json,0
1836796,Native,masked,scratch,none,,0.530705079605762,lm_eval_m2048_hubmatch_t1,8.133086876155268,lm_eval_m2048_hubmatch_t1,22.973935336846605,lm_eval_m2048_hubmatch_t1,,,402.371378103035,,True,/e/project1/scifi/elsayed3/Diffusion/outputs/block_qwen/block_masked_1836796/eval/gen_ppl_metrics.json,1
1836800,AR→block,masked,mixed-SFT,all5,ar2block_masked_1836800,59.81804397270659,lm_eval_m2048_hubmatch_t1,23.290203327171906,lm_eval_m2048_hubmatch_t1,38.114228742344395,lm_eval_m2048_hubmatch_t1,,,402.371378103035,,True,/e/project1/scifi/elsayed3/Diffusion/outputs/block_qwen/ar2block_masked_1836800/eval/gen_ppl_metrics.json,1
1836811,AR→block,hybrid,B4 p=0.1,hybrid p10,,,,,,,,,,402.371378103035,,True,/e/project1/scifi/elsayed3/Diffusion/outputs/block_qwen/ar2block_hybrid_1836811/eval/gen_ppl_metrics.json,0
1848844,Joint,uniform,joint AR U2,joint+causal,ar2block_uniform_1848844,4.473085670962851,lm_eval_paper_gen_cap,17.375231053604438,lm_eval_paper_gen_cap,,,,,86.76520778829548,6.25819598780315,True,/e/project1/scifi/elsayed3/Diffusion/outputs/block_qwen/ar2block_uniform_1848844/eval/gen_ppl_metrics.json,1
1849287,AR→block,uniform,block-size mix xfer,size weights,ar2block_uniform_1849287,6.1410159211523885,lm_eval_paper_gen_cap,17.190388170055453,lm_eval_paper_gen_cap,,,,,55.17235247600587,6.251424109446641,True,/e/project1/scifi/elsayed3/Diffusion/outputs/block_qwen/ar2block_uniform_1849287/eval/unifusion_hygiene/dual/gen_ppl_metrics_first_chunk.json,1
1849335,AR→block,uniform,baseline U0,none,ar2block_uniform_1849335,6.0652009097801365,lm_eval_gsm8k_fast,18.11460258780037,lm_eval_ifeval_samples_baseline_ancestral,,,,,60.785031426780414,6.036654164136644,True,/e/project1/scifi/elsayed3/Diffusion/outputs/block_qwen/ar2block_uniform_1849335/eval/unifusion_hygiene/dual/gen_ppl_metrics_first_chunk.json,3
1855537,AR→block,masked,block-size mix,size weights,ar2block_masked_1855537,63.30553449583017,lm_eval_m2048_hubmatch_t1,20.70240295748614,lm_eval_m2048_hubmatch_t1,40.150975644495084,lm_eval_m2048_hubmatch_t1,,,113.71774150701282,4.708160683423648,True,/e/project1/scifi/elsayed3/Diffusion/outputs/block_qwen/ar2block_masked_1855537/eval/gen_ppl_metrics.json,1
1855541,AR→block,uniform,xfer bg mix,size weights,ar2block_uniform_1855541,6.747536012130402,lm_eval_paper_gen_cap,18.299445471349355,lm_eval_paper_gen_cap,,,,,66.55178196826556,6.282716727761573,True,/e/project1/scifi/elsayed3/Diffusion/outputs/block_qwen/ar2block_uniform_1855541/eval/gen_ppl_metrics.json,1
1856101,AR→block,masked,shift only,shift,ar2block_masked_1856101,63.98786959818044,lm_eval_m2048_hubmatch_t1,21.072088724584106,lm_eval_m2048_hubmatch_t1,33.72738926078906,lm_eval_m2048_hubmatch_t1,,,87.90792871769918,4.692392234499744,True,/e/project1/scifi/elsayed3/Diffusion/outputs/block_qwen/ar2block_masked_1856101/eval/gen_ppl_metrics.json,1
1856103,AR→block,masked,comp only,complementary,ar2block_masked_1856103,53.297952994692956,lm_eval_m2048_hubmatch_t1,18.11460258780037,lm_eval_m2048_hubmatch_t1,37.30950007121493,lm_eval_m2048_hubmatch_t1,,,108.17101089111164,4.649219125614973,True,/e/project1/scifi/elsayed3/Diffusion/outputs/block_qwen/ar2block_masked_1856103/eval/gen_ppl_metrics.json,1
1856105,AR→block,masked,shift+comp,shift+comp,ar2block_masked_1856105,50.79605761940864,lm_eval_m2048_hubmatch_t1,17.005545286506468,lm_eval_m2048_hubmatch_t1,31.968380572568012,lm_eval_m2048_hubmatch_t1,,,106.73663439380982,4.676778312350688,True,/e/project1/scifi/elsayed3/Diffusion/outputs/block_qwen/ar2block_masked_1856105/eval/gen_ppl_metrics.json,1
1857278,AR→block,uniform,U0+shift,shift,ar2block_uniform_1857278,0.8339651250947688,lm_eval_paper_gen_cap,13.123844731977819,lm_eval_paper_gen_cap,,,,,505.8350110117851,6.3173657577176865,True,/e/project1/scifi/elsayed3/Diffusion/outputs/block_qwen/ar2block_uniform_1857278/eval/gen_ppl_metrics.json,1
1857323,AR→full,n/a,matched AR SFT C3,none,ar_sft_1857323,70.81122062168309,lm_eval_paper_acc_cap,24.58410351201479,lm_eval_paper_acc_cap,48.40478564307079,lm_eval_paper_acc_cap,,,,,,,1
1857471,AR→block,uniform,U0+anneal,anneal,ar2block_uniform_1857471,6.899166034874906,lm_eval_paper_gen_cap,17.929759704251385,lm_eval_paper_gen_cap,,,,,53.832797033118695,6.008638689911793,True,/e/project1/scifi/elsayed3/Diffusion/outputs/block_qwen/ar2block_uniform_1857471/eval/gen_ppl_metrics.json,1
1857473,AR→block,masked,intra-block anneal,anneal,ar2block_masked_1857473,61.10689916603488,lm_eval_m2048_hubmatch_t1,21.441774491682068,lm_eval_m2048_hubmatch_t1,42.72183449651047,lm_eval_m2048_hubmatch_t1,,,134.31987766966466,4.918903343845415,True,/e/project1/scifi/elsayed3/Diffusion/outputs/block_qwen/ar2block_masked_1857473/eval/gen_ppl_metrics.json,1
1857475,AR→block,hybrid,B4 joint curriculum,anneal+kernel,ar2block_hybrid_1857475,16.148597422289612,lm_eval_paper_gen_cap,14.78743068391867,lm_eval_paper_gen_cap,,,,,106.15325799617118,4.5675963273283875,True,/e/project1/scifi/elsayed3/Diffusion/outputs/block_qwen/ar2block_hybrid_1857475/eval/gen_ppl_metrics.json,1
1857519,AR→block,uniform,continue FT from C0,none,ar2block_uniform_1857519,7.12661106899166,lm_eval_paper_gen_cap,17.005545286506468,lm_eval_paper_gen_cap,,,,,40.51577836663841,6.035949509968972,True,/e/project1/scifi/elsayed3/Diffusion/outputs/block_qwen/ar2block_uniform_1857519/eval/gen_ppl_metrics.json,1
